<?xml version="1.0" encoding="UTF-8"?>
<project-private xmlns="http://www.netbeans.org/ns/project-private/1">
    <editor-bookmarks xmlns="http://www.netbeans.org/ns/editor-bookmarks/2" lastBookmarkId="0"/>
    <open-files xmlns="http://www.netbeans.org/ns/projectui-open-files/2">
        <group>
            <file>file:/data/javaProjects/register_student/web/index.html</file>
            <file>file:/data/javaProjects/register_student/src/java/verifyCredentials.java</file>
            <file>file:/data/javaProjects/register_student/src/java/SaveDetails.java</file>
            <file>file:/data/javaProjects/register_student/src/java/CrudOps.java</file>
            <file>file:/data/javaProjects/register_student/web/savedetails.html</file>
            <file>file:/data/javaProjects/register_student/web/WEB-INF/web.xml</file>
        </group>
    </open-files>
</project-private>
